Actor_Group,high_confidence,SOURCE_TYPE,posts,recorded,recorded_pct
Influencer,TRUE,youtube,12531,12271,0.979251456388157
Influencer,FALSE,facebook,10716,10716,1
Influencer,FALSE,youtube,3336,3291,0.986510791366906
Influencer,TRUE,facebook,1840,1840,1
Influencer,FALSE,twitter,22,22,1
Influencer,TRUE,web,3,3,1
Influencer,TRUE,twitter,1,1,1
Influencer,FALSE,web,1,1,1
Institutional,TRUE,web,6707,6707,1
Institutional,TRUE,facebook,6695,6695,1
Institutional,TRUE,youtube,1766,1754,0.993204983012457
Institutional,TRUE,twitter,139,139,1
Institutional,TRUE,instagram,2,2,1
,FALSE,web,200829,200817,0.999940247673394
,TRUE,web,79122,79122,1
,FALSE,facebook,34277,34276,0.999970825918254
,FALSE,youtube,24590,23881,0.971167141114274
,TRUE,facebook,9985,9985,1
,TRUE,reddit,5621,0,0
,TRUE,youtube,5122,5106,0.996876220226474
,FALSE,twitter,3646,3646,1
,TRUE,forum,3061,0,0
,TRUE,instagram,2187,2187,1
,TRUE,comment,593,0,0
,FALSE,comment,593,0,0
,FALSE,instagram,189,189,1
,FALSE,forum,162,0,0
,TRUE,twitter,52,52,1
