"SOURCE_TYPE","total_posts","total_interactions","total_reach","posts_with_interactions","posts_with_reach","post_share","interaction_share","reach_share","interaction_coverage","reach_coverage","platform_hr"
"web",37551,2715176,60035255,20703,35062,0.659680621190029,0.508392234666882,0.376725439580747,0.551330190940321,0.933716811802615,"Web"
"youtube",8538,1522101,29063680,7922,8436,0.149992094583912,0.284999693860986,0.182376632261063,0.927851955961584,0.98805340829234,"YouTube"
"facebook",8398,814363,67101212,7970,8398,0.147532631800854,0.152482132060694,0.421064815783674,0.9490354846392,1,"Facebook"
"reddit",1089,0,0,0,0,0.0191311069339283,0,0,0,0,"Reddit"
"instagram",687,215240,2147948,612,614,0.0120689352282908,0.0403017500853351,0.0134785244852643,0.890829694323144,0.893740902474527,"Instagram"
"twitter",453,6007,243786,274,437,0.00795811886232279,0.00112475661012176,0.00152977426369942,0.60485651214128,0.964679911699779,"Twitter/X"
"forum",108,0,0,0,0,0.00189729986121603,0,0,0,0,"Forumi"
"comment",76,0,0,0,0,0.00133513693937424,0,0,0,0,"Komentari"
"tiktok",23,67824,768886,23,23,0.000404054600073784,0.0126994327159811,0.00482481362555189,1,1,"TikTok"
