"ym","data_source","n","domain"
"2021-01","original_dta",644,"macro_aggregates"
"2021-02","original_dta",301,"macro_aggregates"
"2021-03","original_dta",243,"macro_aggregates"
"2021-04","original_dta",202,"macro_aggregates"
"2021-05","original_dta",182,"macro_aggregates"
"2021-06","original_dta",181,"macro_aggregates"
"2021-07","original_dta",203,"macro_aggregates"
"2021-08","original_dta",162,"macro_aggregates"
"2021-09","original_dta",141,"macro_aggregates"
"2021-10","original_dta",205,"macro_aggregates"
"2021-11","original_dta",286,"macro_aggregates"
"2021-12","original_dta",281,"macro_aggregates"
"2022-01","original_dta",269,"macro_aggregates"
"2022-02","original_dta",156,"macro_aggregates"
"2022-03","original_dta",199,"macro_aggregates"
"2022-04","original_dta",200,"macro_aggregates"
"2022-05","original_dta",205,"macro_aggregates"
"2022-06","original_dta",156,"macro_aggregates"
"2022-07","original_dta",164,"macro_aggregates"
"2022-08","original_dta",177,"macro_aggregates"
"2022-09","original_dta",183,"macro_aggregates"
"2022-10","original_dta",176,"macro_aggregates"
"2022-11","original_dta",186,"macro_aggregates"
"2022-12","original_dta",232,"macro_aggregates"
"2023-01","original_dta",199,"macro_aggregates"
"2023-02","original_dta",127,"macro_aggregates"
"2023-03","original_dta",150,"macro_aggregates"
"2023-04","original_dta",158,"macro_aggregates"
"2023-05","original_dta",234,"macro_aggregates"
"2023-06","original_dta",151,"macro_aggregates"
"2023-07","original_dta",132,"macro_aggregates"
"2023-08","original_dta",153,"macro_aggregates"
"2023-09","original_dta",145,"macro_aggregates"
"2023-10","original_dta",164,"macro_aggregates"
"2023-11","original_dta",141,"macro_aggregates"
"2023-12","original_dta",211,"macro_aggregates"
"2024-01","original_dta",51,"macro_aggregates"
"2024-06","original_dta",283,"macro_aggregates"
"2024-07","filtered_religious",922,"macro_aggregates"
"2024-07","original_dta",6,"macro_aggregates"
"2024-08","filtered_religious",539,"macro_aggregates"
"2024-09","filtered_religious",398,"macro_aggregates"
"2024-10","filtered_religious",914,"macro_aggregates"
"2024-11","filtered_religious",1165,"macro_aggregates"
"2024-12","filtered_religious",1092,"macro_aggregates"
"2025-01","filtered_religious",749,"macro_aggregates"
"2025-02","filtered_religious",1003,"macro_aggregates"
"2025-03","filtered_religious",1051,"macro_aggregates"
"2025-04","filtered_religious",742,"macro_aggregates"
"2025-05","filtered_religious",952,"macro_aggregates"
"2025-06","filtered_religious",1001,"macro_aggregates"
"2025-07","filtered_religious",952,"macro_aggregates"
"2025-08","filtered_religious",729,"macro_aggregates"
"2025-09","filtered_religious",582,"macro_aggregates"
"2025-10","filtered_religious",1350,"macro_aggregates"
"2025-11","filtered_religious",1115,"macro_aggregates"
"2025-12","filtered_religious",1320,"macro_aggregates"
"2026-01","filtered_religious",1002,"macro_aggregates"
"2026-02","filtered_religious",1109,"macro_aggregates"
"2026-03","filtered_religious",1514,"macro_aggregates"
"2026-04","filtered_religious",1472,"macro_aggregates"
"2026-05","filtered_religious",1656,"macro_aggregates"
"2026-06","filtered_religious",636,"macro_aggregates"
"2021-01","original_dta",18,"euro_changeover"
"2021-02","original_dta",17,"euro_changeover"
"2021-03","original_dta",22,"euro_changeover"
"2021-04","original_dta",11,"euro_changeover"
"2021-05","original_dta",10,"euro_changeover"
"2021-06","original_dta",9,"euro_changeover"
"2021-07","original_dta",12,"euro_changeover"
"2021-08","original_dta",12,"euro_changeover"
"2021-09","original_dta",23,"euro_changeover"
"2021-10","original_dta",17,"euro_changeover"
"2021-11","original_dta",39,"euro_changeover"
"2021-12","original_dta",18,"euro_changeover"
"2022-01","original_dta",34,"euro_changeover"
"2022-02","original_dta",21,"euro_changeover"
"2022-03","original_dta",15,"euro_changeover"
"2022-04","original_dta",14,"euro_changeover"
"2022-05","original_dta",15,"euro_changeover"
"2022-06","original_dta",60,"euro_changeover"
"2022-07","original_dta",33,"euro_changeover"
"2022-08","original_dta",14,"euro_changeover"
"2022-09","original_dta",17,"euro_changeover"
"2022-10","original_dta",22,"euro_changeover"
"2022-11","original_dta",48,"euro_changeover"
"2022-12","original_dta",88,"euro_changeover"
"2023-01","original_dta",84,"euro_changeover"
"2023-02","original_dta",35,"euro_changeover"
"2023-03","original_dta",29,"euro_changeover"
"2023-04","original_dta",31,"euro_changeover"
"2023-05","original_dta",36,"euro_changeover"
"2023-06","original_dta",20,"euro_changeover"
"2023-07","original_dta",20,"euro_changeover"
"2023-08","original_dta",13,"euro_changeover"
"2023-09","original_dta",15,"euro_changeover"
"2023-10","original_dta",12,"euro_changeover"
"2023-11","original_dta",19,"euro_changeover"
"2023-12","original_dta",37,"euro_changeover"
"2024-01","original_dta",10,"euro_changeover"
"2024-06","original_dta",29,"euro_changeover"
"2024-07","filtered_religious",28,"euro_changeover"
"2024-08","filtered_religious",37,"euro_changeover"
"2024-09","filtered_religious",9,"euro_changeover"
"2024-10","filtered_religious",47,"euro_changeover"
"2024-11","filtered_religious",31,"euro_changeover"
"2024-12","filtered_religious",64,"euro_changeover"
"2025-01","filtered_religious",44,"euro_changeover"
"2025-02","filtered_religious",74,"euro_changeover"
"2025-03","filtered_religious",29,"euro_changeover"
"2025-04","filtered_religious",27,"euro_changeover"
"2025-05","filtered_religious",32,"euro_changeover"
"2025-06","filtered_religious",48,"euro_changeover"
"2025-07","filtered_religious",29,"euro_changeover"
"2025-08","filtered_religious",41,"euro_changeover"
"2025-09","filtered_religious",17,"euro_changeover"
"2025-10","filtered_religious",36,"euro_changeover"
"2025-11","filtered_religious",38,"euro_changeover"
"2025-12","filtered_religious",73,"euro_changeover"
"2026-01","filtered_religious",62,"euro_changeover"
"2026-02","filtered_religious",37,"euro_changeover"
"2026-03","filtered_religious",92,"euro_changeover"
"2026-04","filtered_religious",86,"euro_changeover"
"2026-05","filtered_religious",93,"euro_changeover"
"2026-06","filtered_religious",16,"euro_changeover"
"2021-01","original_dta",669,"taxes_fiscal"
"2021-02","original_dta",240,"taxes_fiscal"
"2021-03","original_dta",206,"taxes_fiscal"
"2021-04","original_dta",195,"taxes_fiscal"
"2021-05","original_dta",144,"taxes_fiscal"
"2021-06","original_dta",122,"taxes_fiscal"
"2021-07","original_dta",152,"taxes_fiscal"
"2021-08","original_dta",189,"taxes_fiscal"
"2021-09","original_dta",128,"taxes_fiscal"
"2021-10","original_dta",184,"taxes_fiscal"
"2021-11","original_dta",168,"taxes_fiscal"
"2021-12","original_dta",173,"taxes_fiscal"
"2022-01","original_dta",209,"taxes_fiscal"
"2022-02","original_dta",124,"taxes_fiscal"
"2022-03","original_dta",145,"taxes_fiscal"
"2022-04","original_dta",100,"taxes_fiscal"
"2022-05","original_dta",101,"taxes_fiscal"
"2022-06","original_dta",98,"taxes_fiscal"
"2022-07","original_dta",87,"taxes_fiscal"
"2022-08","original_dta",94,"taxes_fiscal"
"2022-09","original_dta",105,"taxes_fiscal"
"2022-10","original_dta",128,"taxes_fiscal"
"2022-11","original_dta",92,"taxes_fiscal"
"2022-12","original_dta",119,"taxes_fiscal"
"2023-01","original_dta",123,"taxes_fiscal"
"2023-02","original_dta",159,"taxes_fiscal"
"2023-03","original_dta",132,"taxes_fiscal"
"2023-04","original_dta",120,"taxes_fiscal"
"2023-05","original_dta",101,"taxes_fiscal"
"2023-06","original_dta",138,"taxes_fiscal"
"2023-07","original_dta",95,"taxes_fiscal"
"2023-08","original_dta",112,"taxes_fiscal"
"2023-09","original_dta",128,"taxes_fiscal"
"2023-10","original_dta",139,"taxes_fiscal"
"2023-11","original_dta",123,"taxes_fiscal"
"2023-12","original_dta",154,"taxes_fiscal"
"2024-01","original_dta",27,"taxes_fiscal"
"2024-06","original_dta",119,"taxes_fiscal"
"2024-07","filtered_religious",442,"taxes_fiscal"
"2024-07","original_dta",12,"taxes_fiscal"
"2024-08","filtered_religious",303,"taxes_fiscal"
"2024-09","filtered_religious",168,"taxes_fiscal"
"2024-10","filtered_religious",412,"taxes_fiscal"
"2024-11","filtered_religious",487,"taxes_fiscal"
"2024-12","filtered_religious",475,"taxes_fiscal"
"2025-01","filtered_religious",367,"taxes_fiscal"
"2025-02","filtered_religious",432,"taxes_fiscal"
"2025-03","filtered_religious",403,"taxes_fiscal"
"2025-04","filtered_religious",266,"taxes_fiscal"
"2025-05","filtered_religious",335,"taxes_fiscal"
"2025-06","filtered_religious",344,"taxes_fiscal"
"2025-07","filtered_religious",349,"taxes_fiscal"
"2025-08","filtered_religious",343,"taxes_fiscal"
"2025-09","filtered_religious",211,"taxes_fiscal"
"2025-10","filtered_religious",451,"taxes_fiscal"
"2025-11","filtered_religious",504,"taxes_fiscal"
"2025-12","filtered_religious",458,"taxes_fiscal"
"2026-01","filtered_religious",492,"taxes_fiscal"
"2026-02","filtered_religious",409,"taxes_fiscal"
"2026-03","filtered_religious",551,"taxes_fiscal"
"2026-04","filtered_religious",448,"taxes_fiscal"
"2026-05","filtered_religious",508,"taxes_fiscal"
"2026-06","filtered_religious",254,"taxes_fiscal"
"2021-01","original_dta",1721,"business_comp"
"2021-02","original_dta",722,"business_comp"
"2021-03","original_dta",712,"business_comp"
"2021-04","original_dta",819,"business_comp"
"2021-05","original_dta",560,"business_comp"
"2021-06","original_dta",499,"business_comp"
"2021-07","original_dta",488,"business_comp"
"2021-08","original_dta",403,"business_comp"
"2021-09","original_dta",445,"business_comp"
"2021-10","original_dta",503,"business_comp"
"2021-11","original_dta",631,"business_comp"
"2021-12","original_dta",721,"business_comp"
"2022-01","original_dta",613,"business_comp"
"2022-02","original_dta",459,"business_comp"
"2022-03","original_dta",565,"business_comp"
"2022-04","original_dta",686,"business_comp"
"2022-05","original_dta",438,"business_comp"
"2022-06","original_dta",506,"business_comp"
"2022-07","original_dta",480,"business_comp"
"2022-08","original_dta",423,"business_comp"
"2022-09","original_dta",395,"business_comp"
"2022-10","original_dta",472,"business_comp"
"2022-11","original_dta",517,"business_comp"
"2022-12","original_dta",562,"business_comp"
"2023-01","original_dta",443,"business_comp"
"2023-02","original_dta",369,"business_comp"
"2023-03","original_dta",372,"business_comp"
"2023-04","original_dta",596,"business_comp"
"2023-05","original_dta",364,"business_comp"
"2023-06","original_dta",414,"business_comp"
"2023-07","original_dta",316,"business_comp"
"2023-08","original_dta",359,"business_comp"
"2023-09","original_dta",415,"business_comp"
"2023-10","original_dta",403,"business_comp"
"2023-11","original_dta",433,"business_comp"
"2023-12","original_dta",526,"business_comp"
"2024-01","original_dta",110,"business_comp"
"2024-06","original_dta",583,"business_comp"
"2024-07","filtered_religious",1937,"business_comp"
"2024-07","original_dta",33,"business_comp"
"2024-08","filtered_religious",1419,"business_comp"
"2024-09","filtered_religious",930,"business_comp"
"2024-10","filtered_religious",1996,"business_comp"
"2024-11","filtered_religious",2220,"business_comp"
"2024-12","filtered_religious",2261,"business_comp"
"2025-01","filtered_religious",1336,"business_comp"
"2025-02","filtered_religious",1763,"business_comp"
"2025-03","filtered_religious",2117,"business_comp"
"2025-04","filtered_religious",1695,"business_comp"
"2025-05","filtered_religious",1712,"business_comp"
"2025-06","filtered_religious",1954,"business_comp"
"2025-07","filtered_religious",1814,"business_comp"
"2025-08","filtered_religious",1529,"business_comp"
"2025-09","filtered_religious",1104,"business_comp"
"2025-10","filtered_religious",2308,"business_comp"
"2025-11","filtered_religious",2247,"business_comp"
"2025-12","filtered_religious",2187,"business_comp"
"2026-01","filtered_religious",1668,"business_comp"
"2026-02","filtered_religious",1901,"business_comp"
"2026-03","filtered_religious",2658,"business_comp"
"2026-04","filtered_religious",2391,"business_comp"
"2026-05","filtered_religious",2770,"business_comp"
"2026-06","filtered_religious",1075,"business_comp"
"2021-01","original_dta",136,"green_energy"
"2021-02","original_dta",26,"green_energy"
"2021-03","original_dta",42,"green_energy"
"2021-04","original_dta",49,"green_energy"
"2021-05","original_dta",60,"green_energy"
"2021-06","original_dta",48,"green_energy"
"2021-07","original_dta",47,"green_energy"
"2021-08","original_dta",30,"green_energy"
"2021-09","original_dta",45,"green_energy"
"2021-10","original_dta",141,"green_energy"
"2021-11","original_dta",140,"green_energy"
"2021-12","original_dta",148,"green_energy"
"2022-01","original_dta",122,"green_energy"
"2022-02","original_dta",83,"green_energy"
"2022-03","original_dta",78,"green_energy"
"2022-04","original_dta",72,"green_energy"
"2022-05","original_dta",94,"green_energy"
"2022-06","original_dta",76,"green_energy"
"2022-07","original_dta",62,"green_energy"
"2022-08","original_dta",67,"green_energy"
"2022-09","original_dta",151,"green_energy"
"2022-10","original_dta",119,"green_energy"
"2022-11","original_dta",129,"green_energy"
"2022-12","original_dta",128,"green_energy"
"2023-01","original_dta",58,"green_energy"
"2023-02","original_dta",46,"green_energy"
"2023-03","original_dta",100,"green_energy"
"2023-04","original_dta",43,"green_energy"
"2023-05","original_dta",65,"green_energy"
"2023-06","original_dta",51,"green_energy"
"2023-07","original_dta",71,"green_energy"
"2023-08","original_dta",88,"green_energy"
"2023-09","original_dta",70,"green_energy"
"2023-10","original_dta",107,"green_energy"
"2023-11","original_dta",84,"green_energy"
"2023-12","original_dta",103,"green_energy"
"2024-01","original_dta",13,"green_energy"
"2024-06","original_dta",134,"green_energy"
"2024-07","filtered_religious",391,"green_energy"
"2024-07","original_dta",4,"green_energy"
"2024-08","filtered_religious",222,"green_energy"
"2024-09","filtered_religious",205,"green_energy"
"2024-10","filtered_religious",357,"green_energy"
"2024-11","filtered_religious",462,"green_energy"
"2024-12","filtered_religious",356,"green_energy"
"2025-01","filtered_religious",265,"green_energy"
"2025-02","filtered_religious",275,"green_energy"
"2025-03","filtered_religious",378,"green_energy"
"2025-04","filtered_religious",397,"green_energy"
"2025-05","filtered_religious",335,"green_energy"
"2025-06","filtered_religious",346,"green_energy"
"2025-07","filtered_religious",370,"green_energy"
"2025-08","filtered_religious",257,"green_energy"
"2025-09","filtered_religious",231,"green_energy"
"2025-10","filtered_religious",520,"green_energy"
"2025-11","filtered_religious",389,"green_energy"
"2025-12","filtered_religious",319,"green_energy"
"2026-01","filtered_religious",281,"green_energy"
"2026-02","filtered_religious",290,"green_energy"
"2026-03","filtered_religious",671,"green_energy"
"2026-04","filtered_religious",549,"green_energy"
"2026-05","filtered_religious",624,"green_energy"
"2026-06","filtered_religious",234,"green_energy"
"2021-01","original_dta",1109,"housing"
"2021-02","original_dta",323,"housing"
"2021-03","original_dta",276,"housing"
"2021-04","original_dta",150,"housing"
"2021-05","original_dta",152,"housing"
"2021-06","original_dta",109,"housing"
"2021-07","original_dta",151,"housing"
"2021-08","original_dta",99,"housing"
"2021-09","original_dta",163,"housing"
"2021-10","original_dta",150,"housing"
"2021-11","original_dta",162,"housing"
"2021-12","original_dta",220,"housing"
"2022-01","original_dta",129,"housing"
"2022-02","original_dta",193,"housing"
"2022-03","original_dta",265,"housing"
"2022-04","original_dta",176,"housing"
"2022-05","original_dta",121,"housing"
"2022-06","original_dta",114,"housing"
"2022-07","original_dta",110,"housing"
"2022-08","original_dta",116,"housing"
"2022-09","original_dta",100,"housing"
"2022-10","original_dta",129,"housing"
"2022-11","original_dta",142,"housing"
"2022-12","original_dta",188,"housing"
"2023-01","original_dta",104,"housing"
"2023-02","original_dta",123,"housing"
"2023-03","original_dta",196,"housing"
"2023-04","original_dta",194,"housing"
"2023-05","original_dta",168,"housing"
"2023-06","original_dta",121,"housing"
"2023-07","original_dta",133,"housing"
"2023-08","original_dta",140,"housing"
"2023-09","original_dta",101,"housing"
"2023-10","original_dta",120,"housing"
"2023-11","original_dta",112,"housing"
"2023-12","original_dta",198,"housing"
"2024-01","original_dta",27,"housing"
"2024-06","original_dta",143,"housing"
"2024-07","filtered_religious",476,"housing"
"2024-07","original_dta",14,"housing"
"2024-08","filtered_religious",364,"housing"
"2024-09","filtered_religious",200,"housing"
"2024-10","filtered_religious",582,"housing"
"2024-11","filtered_religious",604,"housing"
"2024-12","filtered_religious",547,"housing"
"2025-01","filtered_religious",404,"housing"
"2025-02","filtered_religious",468,"housing"
"2025-03","filtered_religious",552,"housing"
"2025-04","filtered_religious",410,"housing"
"2025-05","filtered_religious",418,"housing"
"2025-06","filtered_religious",482,"housing"
"2025-07","filtered_religious",443,"housing"
"2025-08","filtered_religious",377,"housing"
"2025-09","filtered_religious",267,"housing"
"2025-10","filtered_religious",557,"housing"
"2025-11","filtered_religious",533,"housing"
"2025-12","filtered_religious",678,"housing"
"2026-01","filtered_religious",542,"housing"
"2026-02","filtered_religious",622,"housing"
"2026-03","filtered_religious",857,"housing"
"2026-04","filtered_religious",582,"housing"
"2026-05","filtered_religious",756,"housing"
"2026-06","filtered_religious",265,"housing"
"2021-01","original_dta",83,"demography_econ"
"2021-02","original_dta",43,"demography_econ"
"2021-03","original_dta",23,"demography_econ"
"2021-04","original_dta",54,"demography_econ"
"2021-05","original_dta",45,"demography_econ"
"2021-06","original_dta",10,"demography_econ"
"2021-07","original_dta",30,"demography_econ"
"2021-08","original_dta",26,"demography_econ"
"2021-09","original_dta",33,"demography_econ"
"2021-10","original_dta",66,"demography_econ"
"2021-11","original_dta",55,"demography_econ"
"2021-12","original_dta",55,"demography_econ"
"2022-01","original_dta",44,"demography_econ"
"2022-02","original_dta",26,"demography_econ"
"2022-03","original_dta",82,"demography_econ"
"2022-04","original_dta",56,"demography_econ"
"2022-05","original_dta",62,"demography_econ"
"2022-06","original_dta",59,"demography_econ"
"2022-07","original_dta",29,"demography_econ"
"2022-08","original_dta",28,"demography_econ"
"2022-09","original_dta",25,"demography_econ"
"2022-10","original_dta",59,"demography_econ"
"2022-11","original_dta",39,"demography_econ"
"2022-12","original_dta",44,"demography_econ"
"2023-01","original_dta",21,"demography_econ"
"2023-02","original_dta",27,"demography_econ"
"2023-03","original_dta",64,"demography_econ"
"2023-04","original_dta",22,"demography_econ"
"2023-05","original_dta",27,"demography_econ"
"2023-06","original_dta",35,"demography_econ"
"2023-07","original_dta",45,"demography_econ"
"2023-08","original_dta",34,"demography_econ"
"2023-09","original_dta",44,"demography_econ"
"2023-10","original_dta",41,"demography_econ"
"2023-11","original_dta",34,"demography_econ"
"2023-12","original_dta",33,"demography_econ"
"2024-01","original_dta",6,"demography_econ"
"2024-06","original_dta",65,"demography_econ"
"2024-07","filtered_religious",203,"demography_econ"
"2024-07","original_dta",4,"demography_econ"
"2024-08","filtered_religious",100,"demography_econ"
"2024-09","filtered_religious",121,"demography_econ"
"2024-10","filtered_religious",278,"demography_econ"
"2024-11","filtered_religious",237,"demography_econ"
"2024-12","filtered_religious",218,"demography_econ"
"2025-01","filtered_religious",136,"demography_econ"
"2025-02","filtered_religious",164,"demography_econ"
"2025-03","filtered_religious",264,"demography_econ"
"2025-04","filtered_religious",103,"demography_econ"
"2025-05","filtered_religious",135,"demography_econ"
"2025-06","filtered_religious",175,"demography_econ"
"2025-07","filtered_religious",163,"demography_econ"
"2025-08","filtered_religious",145,"demography_econ"
"2025-09","filtered_religious",138,"demography_econ"
"2025-10","filtered_religious",236,"demography_econ"
"2025-11","filtered_religious",203,"demography_econ"
"2025-12","filtered_religious",318,"demography_econ"
"2026-01","filtered_religious",202,"demography_econ"
"2026-02","filtered_religious",189,"demography_econ"
"2026-03","filtered_religious",193,"demography_econ"
"2026-04","filtered_religious",203,"demography_econ"
"2026-05","filtered_religious",272,"demography_econ"
"2026-06","filtered_religious",64,"demography_econ"
"2021-01","original_dta",48,"inflation_prices"
"2021-02","original_dta",44,"inflation_prices"
"2021-03","original_dta",39,"inflation_prices"
"2021-04","original_dta",28,"inflation_prices"
"2021-05","original_dta",23,"inflation_prices"
"2021-06","original_dta",25,"inflation_prices"
"2021-07","original_dta",16,"inflation_prices"
"2021-08","original_dta",35,"inflation_prices"
"2021-09","original_dta",22,"inflation_prices"
"2021-10","original_dta",55,"inflation_prices"
"2021-11","original_dta",47,"inflation_prices"
"2021-12","original_dta",54,"inflation_prices"
"2022-01","original_dta",126,"inflation_prices"
"2022-02","original_dta",92,"inflation_prices"
"2022-03","original_dta",97,"inflation_prices"
"2022-04","original_dta",142,"inflation_prices"
"2022-05","original_dta",106,"inflation_prices"
"2022-06","original_dta",118,"inflation_prices"
"2022-07","original_dta",61,"inflation_prices"
"2022-08","original_dta",105,"inflation_prices"
"2022-09","original_dta",120,"inflation_prices"
"2022-10","original_dta",119,"inflation_prices"
"2022-11","original_dta",81,"inflation_prices"
"2022-12","original_dta",198,"inflation_prices"
"2023-01","original_dta",93,"inflation_prices"
"2023-02","original_dta",55,"inflation_prices"
"2023-03","original_dta",90,"inflation_prices"
"2023-04","original_dta",110,"inflation_prices"
"2023-05","original_dta",59,"inflation_prices"
"2023-06","original_dta",44,"inflation_prices"
"2023-07","original_dta",40,"inflation_prices"
"2023-08","original_dta",71,"inflation_prices"
"2023-09","original_dta",42,"inflation_prices"
"2023-10","original_dta",56,"inflation_prices"
"2023-11","original_dta",50,"inflation_prices"
"2023-12","original_dta",91,"inflation_prices"
"2024-01","original_dta",25,"inflation_prices"
"2024-06","original_dta",99,"inflation_prices"
"2024-07","filtered_religious",178,"inflation_prices"
"2024-07","original_dta",1,"inflation_prices"
"2024-08","filtered_religious",117,"inflation_prices"
"2024-09","filtered_religious",81,"inflation_prices"
"2024-10","filtered_religious",193,"inflation_prices"
"2024-11","filtered_religious",225,"inflation_prices"
"2024-12","filtered_religious",296,"inflation_prices"
"2025-01","filtered_religious",202,"inflation_prices"
"2025-02","filtered_religious",266,"inflation_prices"
"2025-03","filtered_religious",226,"inflation_prices"
"2025-04","filtered_religious",152,"inflation_prices"
"2025-05","filtered_religious",116,"inflation_prices"
"2025-06","filtered_religious",180,"inflation_prices"
"2025-07","filtered_religious",180,"inflation_prices"
"2025-08","filtered_religious",136,"inflation_prices"
"2025-09","filtered_religious",131,"inflation_prices"
"2025-10","filtered_religious",257,"inflation_prices"
"2025-11","filtered_religious",221,"inflation_prices"
"2025-12","filtered_religious",316,"inflation_prices"
"2026-01","filtered_religious",427,"inflation_prices"
"2026-02","filtered_religious",226,"inflation_prices"
"2026-03","filtered_religious",571,"inflation_prices"
"2026-04","filtered_religious",482,"inflation_prices"
"2026-05","filtered_religious",440,"inflation_prices"
"2026-06","filtered_religious",132,"inflation_prices"
"2021-01","original_dta",648,"unemployment"
"2021-02","original_dta",255,"unemployment"
"2021-03","original_dta",357,"unemployment"
"2021-04","original_dta",263,"unemployment"
"2021-05","original_dta",259,"unemployment"
"2021-06","original_dta",186,"unemployment"
"2021-07","original_dta",184,"unemployment"
"2021-08","original_dta",151,"unemployment"
"2021-09","original_dta",168,"unemployment"
"2021-10","original_dta",302,"unemployment"
"2021-11","original_dta",390,"unemployment"
"2021-12","original_dta",348,"unemployment"
"2022-01","original_dta",284,"unemployment"
"2022-02","original_dta",172,"unemployment"
"2022-03","original_dta",179,"unemployment"
"2022-04","original_dta",183,"unemployment"
"2022-05","original_dta",189,"unemployment"
"2022-06","original_dta",195,"unemployment"
"2022-07","original_dta",122,"unemployment"
"2022-08","original_dta",126,"unemployment"
"2022-09","original_dta",165,"unemployment"
"2022-10","original_dta",166,"unemployment"
"2022-11","original_dta",168,"unemployment"
"2022-12","original_dta",257,"unemployment"
"2023-01","original_dta",163,"unemployment"
"2023-02","original_dta",159,"unemployment"
"2023-03","original_dta",215,"unemployment"
"2023-04","original_dta",134,"unemployment"
"2023-05","original_dta",159,"unemployment"
"2023-06","original_dta",168,"unemployment"
"2023-07","original_dta",119,"unemployment"
"2023-08","original_dta",101,"unemployment"
"2023-09","original_dta",146,"unemployment"
"2023-10","original_dta",162,"unemployment"
"2023-11","original_dta",162,"unemployment"
"2023-12","original_dta",189,"unemployment"
"2024-01","original_dta",34,"unemployment"
"2024-06","original_dta",258,"unemployment"
"2024-07","filtered_religious",510,"unemployment"
"2024-07","original_dta",18,"unemployment"
"2024-08","filtered_religious",517,"unemployment"
"2024-09","filtered_religious",253,"unemployment"
"2024-10","filtered_religious",626,"unemployment"
"2024-11","filtered_religious",692,"unemployment"
"2024-12","filtered_religious",846,"unemployment"
"2025-01","filtered_religious",503,"unemployment"
"2025-02","filtered_religious",635,"unemployment"
"2025-03","filtered_religious",655,"unemployment"
"2025-04","filtered_religious",488,"unemployment"
"2025-05","filtered_religious",575,"unemployment"
"2025-06","filtered_religious",583,"unemployment"
"2025-07","filtered_religious",556,"unemployment"
"2025-08","filtered_religious",531,"unemployment"
"2025-09","filtered_religious",404,"unemployment"
"2025-10","filtered_religious",862,"unemployment"
"2025-11","filtered_religious",703,"unemployment"
"2025-12","filtered_religious",707,"unemployment"
"2026-01","filtered_religious",533,"unemployment"
"2026-02","filtered_religious",558,"unemployment"
"2026-03","filtered_religious",732,"unemployment"
"2026-04","filtered_religious",626,"unemployment"
"2026-05","filtered_religious",834,"unemployment"
"2026-06","filtered_religious",317,"unemployment"
"2021-01","original_dta",333,"wages_income"
"2021-02","original_dta",177,"wages_income"
"2021-03","original_dta",147,"wages_income"
"2021-04","original_dta",134,"wages_income"
"2021-05","original_dta",135,"wages_income"
"2021-06","original_dta",95,"wages_income"
"2021-07","original_dta",147,"wages_income"
"2021-08","original_dta",164,"wages_income"
"2021-09","original_dta",155,"wages_income"
"2021-10","original_dta",168,"wages_income"
"2021-11","original_dta",186,"wages_income"
"2021-12","original_dta",180,"wages_income"
"2022-01","original_dta",192,"wages_income"
"2022-02","original_dta",132,"wages_income"
"2022-03","original_dta",138,"wages_income"
"2022-04","original_dta",117,"wages_income"
"2022-05","original_dta",121,"wages_income"
"2022-06","original_dta",125,"wages_income"
"2022-07","original_dta",77,"wages_income"
"2022-08","original_dta",141,"wages_income"
"2022-09","original_dta",126,"wages_income"
"2022-10","original_dta",171,"wages_income"
"2022-11","original_dta",163,"wages_income"
"2022-12","original_dta",180,"wages_income"
"2023-01","original_dta",170,"wages_income"
"2023-02","original_dta",160,"wages_income"
"2023-03","original_dta",185,"wages_income"
"2023-04","original_dta",153,"wages_income"
"2023-05","original_dta",139,"wages_income"
"2023-06","original_dta",120,"wages_income"
"2023-07","original_dta",127,"wages_income"
"2023-08","original_dta",174,"wages_income"
"2023-09","original_dta",124,"wages_income"
"2023-10","original_dta",123,"wages_income"
"2023-11","original_dta",114,"wages_income"
"2023-12","original_dta",147,"wages_income"
"2024-01","original_dta",21,"wages_income"
"2024-06","original_dta",123,"wages_income"
"2024-07","filtered_religious",406,"wages_income"
"2024-07","original_dta",3,"wages_income"
"2024-08","filtered_religious",344,"wages_income"
"2024-09","filtered_religious",182,"wages_income"
"2024-10","filtered_religious",392,"wages_income"
"2024-11","filtered_religious",470,"wages_income"
"2024-12","filtered_religious",513,"wages_income"
"2025-01","filtered_religious",342,"wages_income"
"2025-02","filtered_religious",356,"wages_income"
"2025-03","filtered_religious",522,"wages_income"
"2025-04","filtered_religious",310,"wages_income"
"2025-05","filtered_religious",321,"wages_income"
"2025-06","filtered_religious",314,"wages_income"
"2025-07","filtered_religious",350,"wages_income"
"2025-08","filtered_religious",394,"wages_income"
"2025-09","filtered_religious",281,"wages_income"
"2025-10","filtered_religious",408,"wages_income"
"2025-11","filtered_religious",408,"wages_income"
"2025-12","filtered_religious",445,"wages_income"
"2026-01","filtered_religious",386,"wages_income"
"2026-02","filtered_religious",314,"wages_income"
"2026-03","filtered_religious",395,"wages_income"
"2026-04","filtered_religious",425,"wages_income"
"2026-05","filtered_religious",511,"wages_income"
"2026-06","filtered_religious",168,"wages_income"
"2021-01","original_dta",1699,"poverty_social"
"2021-02","original_dta",884,"poverty_social"
"2021-03","original_dta",814,"poverty_social"
"2021-04","original_dta",807,"poverty_social"
"2021-05","original_dta",541,"poverty_social"
"2021-06","original_dta",504,"poverty_social"
"2021-07","original_dta",531,"poverty_social"
"2021-08","original_dta",622,"poverty_social"
"2021-09","original_dta",729,"poverty_social"
"2021-10","original_dta",827,"poverty_social"
"2021-11","original_dta",994,"poverty_social"
"2021-12","original_dta",1176,"poverty_social"
"2022-01","original_dta",727,"poverty_social"
"2022-02","original_dta",620,"poverty_social"
"2022-03","original_dta",816,"poverty_social"
"2022-04","original_dta",671,"poverty_social"
"2022-05","original_dta",608,"poverty_social"
"2022-06","original_dta",633,"poverty_social"
"2022-07","original_dta",452,"poverty_social"
"2022-08","original_dta",565,"poverty_social"
"2022-09","original_dta",601,"poverty_social"
"2022-10","original_dta",787,"poverty_social"
"2022-11","original_dta",758,"poverty_social"
"2022-12","original_dta",1007,"poverty_social"
"2023-01","original_dta",690,"poverty_social"
"2023-02","original_dta",682,"poverty_social"
"2023-03","original_dta",701,"poverty_social"
"2023-04","original_dta",750,"poverty_social"
"2023-05","original_dta",438,"poverty_social"
"2023-06","original_dta",618,"poverty_social"
"2023-07","original_dta",444,"poverty_social"
"2023-08","original_dta",572,"poverty_social"
"2023-09","original_dta",609,"poverty_social"
"2023-10","original_dta",613,"poverty_social"
"2023-11","original_dta",652,"poverty_social"
"2023-12","original_dta",1009,"poverty_social"
"2024-01","original_dta",136,"poverty_social"
"2024-06","original_dta",679,"poverty_social"
"2024-07","filtered_religious",1483,"poverty_social"
"2024-07","original_dta",64,"poverty_social"
"2024-08","filtered_religious",1398,"poverty_social"
"2024-09","filtered_religious",725,"poverty_social"
"2024-10","filtered_religious",1619,"poverty_social"
"2024-11","filtered_religious",1909,"poverty_social"
"2024-12","filtered_religious",2179,"poverty_social"
"2025-01","filtered_religious",1031,"poverty_social"
"2025-02","filtered_religious",1331,"poverty_social"
"2025-03","filtered_religious",1171,"poverty_social"
"2025-04","filtered_religious",2378,"poverty_social"
"2025-05","filtered_religious",1260,"poverty_social"
"2025-06","filtered_religious",1373,"poverty_social"
"2025-07","filtered_religious",1381,"poverty_social"
"2025-08","filtered_religious",1384,"poverty_social"
"2025-09","filtered_religious",853,"poverty_social"
"2025-10","filtered_religious",1812,"poverty_social"
"2025-11","filtered_religious",1854,"poverty_social"
"2025-12","filtered_religious",2178,"poverty_social"
"2026-01","filtered_religious",1382,"poverty_social"
"2026-02","filtered_religious",1150,"poverty_social"
"2026-03","filtered_religious",1458,"poverty_social"
"2026-04","filtered_religious",1529,"poverty_social"
"2026-05","filtered_religious",1455,"poverty_social"
"2026-06","filtered_religious",534,"poverty_social"
