from,brand,type,publish,note
index.hr,Index,national,yes,Projektni katalog
jutarnji.hr,Jutarnji list,national,yes,Projektni katalog
Jutarnji,Jutarnji list,national,yes,Facebook stranica
vecernji.hr,Večernji list,national,yes,Projektni katalog
Večernji list,Večernji list,national,yes,Facebook stranica
vecernjilist,Večernji list,national,yes,Društvena mreža
24sata.hr,24sata,national,yes,Projektni katalog
24sata,24sata,national,yes,Facebook stranica
net.hr,Net.hr,national,yes,Projektni katalog
tportal.hr,tportal,national,yes,Projektni katalog
dnevnik.hr,Dnevnik.hr,national,yes,Projektni katalog
dnevnikhr,Dnevnik.hr,national,yes,Društvena mreža
telegram.hr,Telegram,national,yes,Projektni katalog
nacional.hr,Nacional,national,yes,Urednički pregled
Nacional News Magazin,Nacional,national,yes,Društvena mreža
n1info.hr,N1 Hrvatska,national,yes,Urednički pregled
n1info.com,N1,national,yes,Urednički pregled
N1 Hrvatska,N1 Hrvatska,national,yes,Društvena mreža
hina.hr,Hina,national,yes,Urednički pregled
RTL,RTL,national,yes,Projektni katalog
RTL Danas,RTL,national,yes,Projektni katalog
rtldirekt,RTL,national,yes,Društvena mreža
rtl.hr,RTL,national,yes,Urednički pregled
slobodnadalmacija.hr,Slobodna Dalmacija,regional,yes,Projektni katalog
Slobodna Dalmacija,Slobodna Dalmacija,regional,yes,Facebook stranica
slobodna.dalmacija,Slobodna Dalmacija,regional,yes,Društvena mreža
novilist.hr,Novi list,regional,yes,Urednički pregled
glasistre.hr,Glas Istre,regional,yes,Urednički pregled
glas-slavonije.hr,Glas Slavonije,regional,yes,Urednički pregled
zadarskilist.hr,Zadarski list,regional,yes,Urednički pregled
Zadarski list,Zadarski list,regional,yes,Društvena mreža
dalmatinskiportal.hr,Dalmatinski portal,regional,yes,Projektni katalog
mnovine.hr,Međimurske novine,regional,yes,Projektni katalog
prigorski.hr,Prigorski,regional,yes,Urednički pregled
dalmacijadanas.hr,Dalmacija danas,regional,yes,Urednički pregled
DalmacijaDanas,Dalmacija danas,regional,yes,Društvena mreža
zagreb.info,Zagreb.info,regional,yes,Urednički pregled
medjimurski.hr,Međimurski,regional,yes,Urednički pregled
sibenik.in,ŠibenikIN,regional,yes,Urednički pregled
ŠibenikIN,ŠibenikIN,regional,yes,Društvena mreža
034portal.hr,034portal,regional,yes,Urednički pregled
057info.hr,057info,regional,yes,Urednički pregled
dulist.hr,duList,regional,yes,Urednički pregled
duList,duList,regional,yes,Društvena mreža
glasgacke.hr,Glas Gacke,regional,yes,Urednički pregled
zagorje.com,Zagorje.com,regional,yes,Urednički pregled
antenazadar.hr,Antena Zadar,regional,yes,Urednički pregled
pozeski.hr,Požeški,regional,yes,Urednički pregled
ferata.hr,Ferata,regional,yes,Urednički pregled
dubrovnikinsider.hr,Dubrovnik Insider,regional,yes,Urednički pregled
Dubrovnik INsider,Dubrovnik Insider,regional,yes,Društvena mreža
podravski.hr,Podravski,regional,yes,Urednički pregled
dalmacijanews.hr,Dalmacija News,regional,yes,Urednički pregled
varazdinske-vijesti.hr,Varaždinske vijesti,regional,yes,Urednički pregled
istra24.hr,Istra24,regional,yes,Urednički pregled
icv.hr,ICV,regional,yes,Urednički pregled
klikaj.hr,Klikaj,regional,yes,Urednički pregled
regionalni.com,Regionalni,regional,yes,Urednički pregled
035portal.hr,035portal,regional,yes,Urednički pregled
dubrovniknet.hr,Dubrovniknet,regional,yes,Urednički pregled
Dubrovniknet Hr,Dubrovniknet,regional,yes,Društvena mreža
sjever.hr,Sjever.hr,regional,yes,Urednički pregled
01portal.hr,01portal,regional,yes,Urednički pregled
evarazdin.hr,eVaraždin,regional,yes,Urednički pregled
023.hr,023.hr,regional,yes,Urednički pregled
brodportal.hr,BrodPortal,regional,yes,Urednički pregled
vinkulja.hr,Vinkulja,regional,yes,Urednički pregled
likemetkovic.hr,Like Metković,regional,yes,Urednički pregled
sibenskiportal.hr,Šibenski portal,regional,yes,Urednički pregled
likaclub.eu,LIKACLUB,regional,yes,Urednički pregled
sisak.info,Sisak.info,regional,yes,Urednički pregled
sinjskarera.hr,Sinjska rera,regional,yes,Urednički pregled
radio-djakovo.hr,Radio Đakovo,regional,yes,Urednički pregled
radioimotski.hr,Radio Imotski,regional,yes,Urednički pregled
radiong.hr,Radio Nova Gradiška,regional,yes,Urednički pregled
radioslatina.hr,Radio Slatina,regional,yes,Urednički pregled
metkovic-news.com,Metković News,regional,yes,Urednički pregled
epodravina.hr,ePodravina,regional,yes,Urednički pregled
lika-online.hr,Lika online,regional,yes,Urednički pregled
karlovacki.hr,Karlovački,regional,yes,Urednički pregled
vgdanas.hr,VG danas,regional,yes,Urednički pregled
kastela.org,Portal grada Kaštela,regional,yes,Urednički pregled
Portal grada Kaštela,Portal grada Kaštela,regional,yes,Društvena mreža
moje-djakovo.com,Moje Đakovo,regional,yes,Urednički pregled
morski.hr,Morski.hr,regional,yes,Urednički pregled
plusportal.hr,PlusPortal,regional,yes,Urednički pregled
Dubrovački Dnevnik,Dubrovački dnevnik,regional,yes,Društvena mreža
Dubrovački vjesnik,Dubrovački vjesnik,regional,yes,Društvena mreža
hrt.hr,HRT,public_service,yes,Javni servis
hrvatska_radiotelevizija,HRT,public_service,yes,Društvena mreža
forum.hr,Forum.hr,forums,no,Naziv se javno ne prikazuje
croatia,Reddit,forums,no,Reddit zajednica
reddit.com,Reddit,forums,no,Platforma
story.hr,Story,tabloid_lifestyle,yes,Lifestyle medij
gloria.hr,Gloria,tabloid_lifestyle,yes,Lifestyle medij
zenskisvijet,Ženski svijet,tabloid_lifestyle,yes,Projektni katalog
mondo.zabava,Mondo zabava,tabloid_lifestyle,yes,Projektni katalog
hns_cff,Hrvatski nogometni savez,other,yes,Institucionalni javni izvor
ekostraza,Eko straža,other,yes,Institucionalni javni izvor
insidebosnia,Inside Bosnia,other,yes,Projektni katalog
dnevniavaz,Dnevni avaz,other,yes,Projektni katalog
oslobodjenje.ba,Oslobođenje,other,yes,Projektni katalog
sport.klub,Sport Klub,other,yes,Projektni katalog
hrvatskivojnik_magazin,Hrvatski vojnik,other,yes,Projektni katalog
trtbalkanbhsc,TRT Balkan,other,yes,Projektni katalog
hypetelevizija.hr,Hype televizija,other,yes,Projektni katalog
euforija.online,Euforija online,other,yes,Projektni katalog
crovijesti.com,CroVijesti,other,yes,Agregator vijesti
infokiosk.net,InfoKiosk,other,yes,Agregator vijesti
novine.hr,Novine.hr,other,yes,Agregator vijesti
Vlada Republike Hrvatske,Vlada Republike Hrvatske,other,yes,Institucionalni javni izvor
Hrvatski Kanal,Hrvatski Kanal,other,yes,Projektni katalog
narod.hr,Narod.hr,exclude_political,no,Politički portal za zasebni izvještaj
dnevno.hr,Dnevno.hr,exclude_political,no,Politički portal za zasebni izvještaj
direktno.hr,Direktno.hr,exclude_political,no,Politički portal za zasebni izvještaj
hrvatskonebo.org,Hrvatsko nebo,exclude_political,no,Politički portal za zasebni izvještaj
croativ.net,Croativ,exclude_political,no,Politički portal za zasebni izvještaj
dragovoljac.com,Hrvatski dragovoljac,exclude_political,no,Politički portal za zasebni izvještaj
hrvatski-fokus.hr,Hrvatski fokus,exclude_political,no,Politički portal za zasebni izvještaj
braniteljski-portal.com,Braniteljski portal,exclude_political,no,Politički portal za zasebni izvještaj
anonymous_user,Anonimni račun,exclude_personal,no,Nije medijski izvor
